amazon-order-id	merchant-order-id	purchase-date	last-updated-date	order-status	fulfillment-channel	sales-channel	order-channel	ship-service-level	product-name	sku	asin	item-status	quantity	currency	item-price	item-tax	shipping-price	shipping-tax	gift-wrap-price	gift-wrap-tax	item-promotion-discount	ship-promotion-discount	ship-city	ship-state	ship-postal-code	ship-country	promotion-ids	is-business-order	purchase-order-number	price-designation	is-iba	order-invoice-type
403-5002514-7841928	403-5002514-7841928	2023-08-29T06:06:32+00:00	2023-08-29T13:49:30+00:00	Shipped	Amazon	Amazon.fr		Expedited	INNONEXXT Haut de gamme Vis pour terrasse en acier inoxydable avec embout | A2-5,0 x 40 mm 200 pièces TX25 | Dentelle coupée | Vis à bois, Nervures	02-ZCJX-YMEJ	B08RP6J47J	Shipped	1	EUR	28.99	4.83							LOSNE		21170	FR		false			false	
403-0622523-8952303	403-0622523-8952303	2023-08-29T05:06:52+00:00	2023-08-29T13:32:29+00:00	Shipped	Amazon	Amazon.fr		Expedited	INNONEXXT® Lot de 100 vis d'ajustement de qualité supérieure - 6 x 110mm, T30 - Bleu galvanisé - Acier - Rainures de fraisage - Pointe coupée, Fi	ZV-1UFP-5DI2	B08XFFRYHC	Shipped	2	EUR	59.98	10.0							LE SOLER		66270	FR		false			false	
171-4768965-4604301	171-4768965-4604301	2023-08-28T18:49:09+00:00	2023-08-29T13:31:37+00:00	Shipped	Amazon	Amazon.fr		Expedited	INNONEXXT Haut de gamme Vis pour terrasse en acier inoxydable avec embout | A2-5,0 x 40 mm 200 pièces TX25 | Dentelle coupée | Vis à bois, Nervures	02-ZCJX-YMEJ	B08RP6J47J	Shipped	1	EUR	28.99	4.83							Janze	France	35150	FR		false			false	
405-3051819-7288357	405-3051819-7288357	2023-08-28T22:04:15+00:00	2023-08-29T13:31:20+00:00	Shipped	Amazon	Amazon.fr		Expedited	INNONEXXT Haut de gamme cales en plastique | 125 x cales mix avec aide au montage | FABRIQUÉ EN ALLEMAGNE | Cales en plastique, cales de montage, cal	6Z-R0CA-A8ZW	B07ZPC81W2	Shipped	1	EUR	28.99	4.83							landivisiau		29400	FR		false			false	
408-1653409-9484342	408-1653409-9484342	2023-08-28T21:19:19+00:00	2023-08-29T13:31:17+00:00	Shipped	Amazon	Amazon.fr		Standard	INNONEXXTï¿½ Lot de 40 plaques de rondelle enfichables de qualitï¿½ supï¿½rieure - 40 x 80-200 piï¿½ces - Mï¿½lange jusqu'ï¿½ 16t -	MH-CJRY-5P2K	B0BZ148L38	Shipped	1	EUR	34.52	5.75	0.47					0.47	Doue En Anjou		49700	FR	Free Shipping 2017/10/17 17-17-37-677	false			false	
171-5604059-0537114	171-5604059-0537114	2023-08-28T06:52:20+00:00	2023-08-29T13:31:13+00:00	Shipped	Amazon	Amazon.fr		Standard	INNONEXXT Haut de gamme Vis pour terrasse en acier inoxydable avec embout | A2-5,0 x 60 mm 200 pièces TX25 | Dentelle coupée | Vis à bois, Nervures	60-J3H9-BG7K	B08S212QHB	Shipped	1	EUR	34.99	5.83	1.38					1.38	LES HOUCHES		74310	FR	Free Shipping 2017/10/17 17-17-37-677	false			false	
407-2333729-2793920	407-2333729-2793920	2023-08-28T11:39:27+00:00	2023-08-29T13:30:59+00:00	Shipped	Amazon	Amazon.fr		Expedited	INNONEXXT Haut de gamme Entretoises avec aide au montage | 300 pièces, Mix - 60 x 45 mm | Cales, entretoises, écarteurs, plaques en plastique, plaqu	ZJ-O015-RGNY	B07P589646	Shipped	1	EUR	45.99	7.67							La Garde		83130	FR		false			false	
171-8237358-2140344	171-8237358-2140344	2023-08-28T08:27:10+00:00	2023-08-29T13:30:49+00:00	Shipped	Amazon	Amazon.fr		Expedited	INNONEXXT Haut de gamme Vis pour terrasse en acier inoxydable avec embout | C1-5,0 x 60 mm 200 pièces | Dentelle coupée | Vis à bois, Nervures de f	UA-0KEE-NJEO	B09GKVXT43	Shipped	2	EUR	60.78	10.14							ST LOUIS		68300	FR		false			false	
405-6349528-9357118	405-6349528-9357118	2023-08-28T13:19:52+00:00	2023-08-29T13:30:42+00:00	Shipped	Amazon	Amazon.fr		Standard	INNONEXXT Pied à biche de qualité supérieure | 800 x 18 mm | En acier spécial | Pour clous, fentes de clous, pied de biche | Grattoir à burin, pi	2I-PB7C-OYPH_FBM	B09BZLK44P	Shipped	1	EUR	23.09								Paris		75018	FR	Free Shipping 2017/10/17 17-17-37-677	true	280823-1	Business Price	false	
407-1772455-5125142	407-1772455-5125142	2023-08-27T16:07:22+00:00	2023-08-29T13:30:34+00:00	Shipped	Amazon	Amazon.fr		Standard	INNONEXXT Pied à biche de qualité supérieure | 800 x 18 mm | En acier spécial | Pour clous, fentes de clous, pied de biche | Grattoir à burin, pi	2I-PB7C-OYPH_FBM	B09BZLK44P	Shipped	1	EUR	27.99	4.67							Annonay		07100	FR	Free Shipping 2017/10/17 17-17-37-677	false			false	
404-5300373-3481912	404-5300373-3481912	2023-08-26T13:18:22+00:00	2023-08-29T13:30:30+00:00	Shipped	Amazon	Amazon.fr		Standard	INNONEXXT Haut de gamme Equerre métallique | 25 pièces 50 x 50 x 40 x 2 mm | Equerre, support d'équerre, équerre en L en métal, équerre en acier	II-HPXR-APRD	B09BVQ8NF3	Shipped	1	EUR	18.99	3.17							Puy-Guillaume		63290	FR	Free Shipping 2017/10/17 17-17-37-677	false			false	
405-1903383-4113945	405-1903383-4113945	2023-08-28T22:06:51+00:00	2023-08-29T13:30:19+00:00	Shipped	Amazon	Amazon.fr		Expedited	INNONEXXT Haut de gamme Plaques de calage | 60 x 40 mm 160 pièces Mix jusqu'à 16 t | Entretoises, plaques en plastique, blocs, plaquettes de compens	JV-YDRH-BYKA	B07NZJJHDG	Shipped	1	EUR	43.49	7.25							BENASSAY		86470	FR		false			false	
171-3276685-7512356	171-3276685-7512356	2023-08-28T10:53:47+00:00	2023-08-29T13:25:20+00:00	Shipped	Amazon	Amazon.fr		Expedited	INNONEXXT premium Entretoises pour lames de terrasse | 200 pièces - 7 mm | Entretoises Terrassfix, entretoises pour lames de terrasse, entretoises pl	JV-VJY6-PMSJ	B09445QYYT	Shipped	1	EUR	24.49	4.08							Colmar	France	68000	FR		false			false	
407-5980218-7321911	407-5980218-7321911	2023-08-25T04:02:37+00:00	2023-08-29T13:20:10+00:00	Cancelled	Amazon	Amazon.fr		Standard	INNONEXXT Haut de gamme Entretoises avec aide au montage | 300 piï¿½ces, Mix - 60 x 45 mm | Cales, entretoises, ï¿½carteurs, plaques en plastiqu	ZJ-O015-RGNY	B07P589646	Cancelled	0										LE SEQUESTRE		81990	FR		false			false	
405-7056927-6270738	405-7056927-6270738	2023-08-29T13:07:18+00:00	2023-08-29T13:07:23+00:00	Pending	Amazon	Amazon.fr		Expedited	Mouji bouillotte | extra peluche 2 litre, gris foncé | bouillotte thermique adulte et enfant, bouillote, bouillotte eau chaude, bouillottes, bouillot	8O-5W99-U0FD	B09TRFKWYB	Unshipped	1	EUR	14.99								chamousset		73390	FR		false			false	
405-9817098-4714731	405-9817098-4714731	2022-07-05T09:58:12+00:00	2023-08-29T12:57:38+00:00	Shipped	Amazon	Amazon.fr		Expedited	INNONEXXT Vis pour terrasse en acier inoxydable Haut de gamme avec embout | Nervures de fraisage, pointe Cut | Vis à bois | Revêtement glissant, aci	A5-M669-W35F	B09GKTR4CL	Shipped	1	EUR	25.33	4.22												false			false	
406-9006609-9187505	406-9006609-9187505	2023-08-29T12:16:12+00:00	2023-08-29T12:17:16+00:00	Pending	Amazon	Amazon.fr		Expedited	INNONEXXT Haut de gamme Vis pour terrasse en acier inoxydable avec embout | A2-5,0 x 60 mm 200 pièces TX25 | Dentelle coupée | Vis à bois, Nervures	60-J3H9-BG7K	B08S212QHB	Unshipped	1	EUR	34.99								Lambersart		59130	FR		false			false	
407-5992332-3896341	407-5992332-3896341	2023-08-29T12:00:54+00:00	2023-08-29T12:00:59+00:00	Pending	Amazon	Amazon.fr		Expedited	INNONEXXT® vis à aggloméré de qualité supérieure | 5,0 x 60 mm Lot de 500 | avec nervures de fraisage, vis a bois, vis bois torx, vis de terrass	OM-G34F-FUII	B08GJ9K96M	Unshipped	1	EUR	38.99								Lanester	France	56600	FR		false			false	
171-8086866-1006727	171-8086866-1006727	2023-08-29T11:52:32+00:00	2023-08-29T11:53:37+00:00	Pending	Amazon	Amazon.fr		Standard	INNONEXXT Pied à biche de qualité supérieure | 600 x 18 mm | En acier spécial | Pour clous, fentes de clous, pied de biche | Grattoir à burin, pi	IT-JXWS-5JZ0_FBM	B09BZJJDRZ	Unshipped	1	EUR	25.99								Selestat		67600	FR	Free Shipping 2017/10/17 17-17-37-677	false			false	
402-9552185-8833910	402-9552185-8833910	2023-08-29T11:50:02+00:00	2023-08-29T11:51:07+00:00	Pending	Amazon	Amazon.fr		Standard	INNONEXXT® Premium Cales pour vitrage | 24 x 100 mm, 300 pièces | Fabriqué en Allemagne | Cales, entretoises, cales d'espacement en plastique, entr	4B-9EAW-HI3A	B09RQ7P7WV	Unshipped	1	EUR	23.51								Voiron		38500	FR	Free Shipping 2017/10/17 17-17-37-677	true		Business Price	false	
171-1992786-4816337	171-1992786-4816337	2023-08-27T10:09:36+00:00	2023-08-29T11:29:47+00:00	Pending	Amazon	Amazon.fr		Expedited	INNONEXXT Vis pour plaques de plï¿½tre de haute qualitï¿½ | 3,9 x 19 mm 500 piï¿½ces | Vis pour plaques de fibrociment, vis pour construction	54-T330-4YP9	B08GFWCTKK	Unshipped	1	EUR	16.99								Ivry sur seine		94200	FR		false			false	
402-1680190-3705118	402-1680190-3705118	2023-08-25T16:13:01+00:00	2023-08-29T11:15:09+00:00	Shipped	Amazon	Amazon.fr		Standard	INNONEXXT Pied à biche de qualité supérieure | 800 x 18 mm | En acier spécial | Pour clous, fentes de clous, pied de biche | Grattoir à burin, pi	2I-PB7C-OYPH_FBM	B09BZLK44P	Shipped	6	EUR	159.6	26.58							Calais		62100	FR	Free Shipping 2017/10/17 17-17-37-677	true		Quantity Price	false	
403-5492448-6413936	403-5492448-6413936	2023-08-29T11:10:37+00:00	2023-08-29T11:11:42+00:00	Pending	Amazon	Amazon.fr		Expedited	INNONEXXT vis d'ajustage de haute qualité | 100 pcs 6 x 70 mm, T30 Bleu zingué | vis inox, vis bois, vis a bois, Rainures de fraisage, Cut Point, T�	CM-OF55-71LQ	B08XF8T56K	Unshipped	1	EUR	23.49								Port brillet		53410	FR		false			false	
408-8292610-1029936	408-8292610-1029936	2023-08-29T11:00:51+00:00	2023-08-29T11:03:58+00:00	Pending	Amazon	Amazon.fr		Standard	INNONEXXT Haut de gamme Vis pour terrasse en acier inoxydable avec embout | C1-5,0 x 40 mm 200 piï¿½ces | Dentelle coupï¿½e | Vis ï¿½ bois, N	WP-RL06-9J7C	B09GKW85JT	Unshipped	3	EUR	77.19								PRADES LE LEZ		34730	FR	Free Shipping 2017/10/17 17-17-37-677	true		Business Price	false	
404-8791581-0607532	404-8791581-0607532	2023-08-29T10:22:11+00:00	2023-08-29T10:23:23+00:00	Pending	Amazon	Amazon.fr		Expedited	INNONEXXT Pied à biche de qualité supérieure | 800 x 18 mm | En acier spécial | Pour clous, fentes de clous, pied de biche | Grattoir à burin, pi	2I-PB7C-OYPH_FBM	B09BZLK44P	Unshipped	1	EUR	27.99								St Jean De Luz		64500	FR		false			false	
402-4522333-1373119	402-4522333-1373119	2023-08-29T09:46:33+00:00	2023-08-29T09:47:38+00:00	Pending	Amazon	Amazon.fr		Expedited	INNONEXXT Haut de gamme Vis pour terrasse en acier inoxydable avec embout | C1-5,0 x 60 mm 200 pièces | Dentelle coupée | Vis à bois, Nervures de f	UA-0KEE-NJEO	B09GKVXT43	Unshipped	2	EUR	60.78								mhere		58140	FR		false			false	
405-8394974-3365926	405-8394974-3365926	2023-08-29T09:11:22+00:00	2023-08-29T09:12:26+00:00	Pending	Amazon	Amazon.fr		Expedited	INNONEXXT Haut de gamme Plaques de calage | 60 x 40 mm 160 pièces Mix jusqu'à 16 t | Entretoises, plaques en plastique, blocs, plaquettes de compens	JV-YDRH-BYKA	B07NZJJHDG	Unshipped	1	EUR	43.49								St Herblon		44150	FR		false			false	
407-2885716-2010700	407-2885716-2010700	2023-08-28T21:19:47+00:00	2023-08-29T09:08:29+00:00	Pending	Amazon	Amazon.fr		Expedited	INNONEXXTï¿½ Premium Cales pour vitrage | 24 x 100 mm, 300 piï¿½ces | Fabriquï¿½ en Allemagne | Cales, entretoises, cales d'espacement en pla	4B-9EAW-HI3A	B09RQ7P7WV	Unshipped	1	EUR	28.49								Chevigney Sur L Ognon		25170	FR		false			false	
403-2592891-3846712	403-2592891-3846712	2023-08-29T08:33:10+00:00	2023-08-29T08:50:46+00:00	Pending	Amazon	Amazon.fr		Expedited	INNONEXXTï¿½ Premium Cales pour vitrage | 24 x 100 mm, 300 piï¿½ces | Fabriquï¿½ en Allemagne | Cales, entretoises, cales d'espacement en pla	4B-9EAW-HI3A	B09RQ7P7WV	Unshipped	1	EUR	28.49								Quesnoy Sur Deule		59890	FR		false			false	
402-2471013-3448339	402-2471013-3448339	2023-08-29T08:48:47+00:00	2023-08-29T08:48:52+00:00	Pending	Amazon	Amazon.fr		Expedited	INNONEXXT Haut de gamme Vis pour terrasse en acier inoxydable avec embout | A2-5,0 x 40 mm 200 pièces TX25 | Dentelle coupée | Vis à bois, Nervures	02-ZCJX-YMEJ	B08RP6J47J	Unshipped	1	EUR	28.99								Herblay		95220	FR		false			false	
408-9996492-7993102	408-9996492-7993102	2023-08-21T06:38:30+00:00	2023-08-29T08:38:34+00:00	Shipped	Amazon	Amazon.fr		Expedited	INNONEXXT Haut de gamme Plaques de calage | 60 x 40 mm 10 mm brun - 100 pcs. jusqu'à 5 t | Entretoises, plaques en plastique, blocs, plaquettes de co	YX-ZU3N-YRQO	B08SCHG523	Shipped	2	EUR	79.98	13.34							Fretterans		71270	FR		false			false	
408-9996492-7993102	408-9996492-7993102	2023-08-21T06:38:30+00:00	2023-08-29T08:38:34+00:00	Shipped	Amazon	Amazon.fr		Expedited	INNONEXXT Haut de gamme Plaques de calage | 60 x 40 mm 20 mm noir - 100 pcs. jusqu'à 5 t | Entretoises, plaques en plastique, blocs, plaquettes de co	BX-R178-Y4NF	B08SCD4RVN	Shipped	1	EUR	50.99	8.5							Fretterans		71270	FR		false			false	
171-9538693-0195568	171-9538693-0195568	2023-08-29T08:33:51+00:00	2023-08-29T08:33:58+00:00	Pending	Amazon	Amazon.fr		Standard	INNONEXXT® Premium Cales pour vitrage | 24 x 100 mm, 600 pièces | Fabriqué en Allemagne | Cales, entretoises, cales d'espacement en plastique, entr	GJ-6IO8-W0G9	B07ZPBVDLY	Unshipped	1	EUR	29.69								MITTELWIHR		68630	FR	Free Shipping 2017/10/17 17-17-37-677	true	chantier	Business Price	false	
405-4241374-6878715	405-4241374-6878715	2023-08-29T08:27:54+00:00	2023-08-29T08:28:58+00:00	Pending	Amazon	Amazon.fr		Expedited	INNONEXXT Haut de gamme Entretoises avec aide au montage | 300 pièces, Mix - 60 x 45 mm | Cales, entretoises, écarteurs, plaques en plastique, plaqu	ZJ-O015-RGNY	B07P589646	Unshipped	1	EUR	45.99								ollioules		83190	FR		false			false	
408-4515469-3386741	408-4515469-3386741	2023-08-29T08:20:47+00:00	2023-08-29T08:21:51+00:00	Pending	Amazon	Amazon.fr		Expedited	INNONEXXT Premium Disques abrasifs excentriques 125mm | Or, 60 pièces, 8 trous | papier a poncer, disque poncage | Papier abrasif universel Velcro |	2R-9ZP5-A8W2	B09QD5239J	Unshipped	2	EUR	27.98								Mareuil Sur Cher		41110	FR		false			false	
403-4485293-1115533	403-4485293-1115533	2023-08-22T18:28:08+00:00	2023-08-29T08:18:53+00:00	Shipped	Amazon	Amazon.fr		Standard	INNONEXXT® Premium Cales pour vitrage | 24 x 100 mm, 300 pièces | Fabriqué en Allemagne | Cales, entretoises, cales d'espacement en plastique, entr	4B-9EAW-HI3A	B09RQ7P7WV	Shipped	1	EUR	28.49	4.75							Roussy le village		57330	FR	Free Shipping 2017/10/17 17-41-43-102	false			false	
403-4855796-3891524	403-4855796-3891524	2023-08-29T07:54:39+00:00	2023-08-29T07:55:46+00:00	Pending	Amazon	Amazon.fr		Expedited	INNONEXXT Haut de gamme Vis pour terrasse en acier inoxydable avec embout | C1-5,0 x 60 mm 200 pièces | Dentelle coupée | Vis à bois, Nervures de f	UA-0KEE-NJEO	B09GKVXT43	Unshipped	1	EUR	30.39								MIANNAY		80132	FR		false			false	
171-9234264-4936315	171-9234264-4936315	2023-08-29T07:03:12+00:00	2023-08-29T07:04:22+00:00	Pending	Amazon	Amazon.fr		Expedited	INNONEXXT Pied à biche de qualité supérieure | 800 x 18 mm | En acier spécial | Pour clous, fentes de clous, pied de biche | Grattoir à burin, pi	2I-PB7C-OYPH_FBM	B09BZLK44P	Unshipped	1	EUR	27.99								Croisilles		62128	FR		false			false	
406-4406555-6209930	406-4406555-6209930	2023-08-29T06:06:43+00:00	2023-08-29T06:21:51+00:00	Pending	Amazon	Amazon.fr		Standard	INNONEXXT Haut de gamme Plaques de calage | 60 x 40 mm 40 pièces Mix jusqu'à 5 t | Entretoises, plaques en plastique, blocs, plaquettes de compensat	9L-HBWO-UNTN	B09JGD3YWL	Unshipped	1	EUR	22.99								Bavans		25550	FR		false			false	
406-3928207-3600323	406-3928207-3600323	2023-08-27T15:06:18+00:00	2023-08-29T05:32:34+00:00	Pending	Amazon	Amazon.fr		Standard	INNONEXXT® Premium Cales pour vitrage | 24 x 100 mm, 600 pièces | Fabriqué en Allemagne | Cales, entretoises, cales d'espacement en plastique, entr	GJ-6IO8-W0G9	B07ZPBVDLY	Unshipped	1	EUR	35.99								Cernay		68700	FR	Free Shipping 2017/10/17 17-17-37-677	false			false	
403-2724395-1739514	403-2724395-1739514	2023-08-28T11:02:29+00:00	2023-08-29T04:16:42+00:00	Shipped	Amazon	Amazon.fr		Expedited	INNONEXXT® Premium Cales pour vitrage | 24 x 100 mm, 1mm - 500 pièces | Fabriqué en Allemagne | Cales, entretoises, cales d'espacement en plastique	PM-LHJ4-WEIF	B08XW6QH4W	Shipped	1	EUR	32.49	5.42							Aubergenville		78410	FR		false			false	
403-4034575-1842731	403-4034575-1842731	2023-08-28T19:54:12+00:00	2023-08-29T04:16:21+00:00	Shipped	Amazon	Amazon.fr		Expedited	INNONEXXT Haut de gamme Entretoises avec aide au montage | 300 pièces, Mix - 60 x 45 mm | Cales, entretoises, écarteurs, plaques en plastique, plaqu	ZJ-O015-RGNY	B07P589646	Shipped	1	EUR	45.99	7.67							ARBANATS		33640	FR		false			false	
408-3914942-4508345	408-3914942-4508345	2023-08-28T17:03:35+00:00	2023-08-29T04:16:10+00:00	Shipped	Amazon	Amazon.fr		Expedited	INNONEXXT Haut de gamme Vis pour terrasse en acier inoxydable avec embout | A2-5,0 x 60 mm 200 pièces TX25 | Dentelle coupée | Vis à bois, Nervures	60-J3H9-BG7K	B08S212QHB	Shipped	1	EUR	34.99	5.83							Montmerle Sur Saone		01090	FR		false			false	
408-9918529-6533968	408-9918529-6533968	2023-08-28T16:21:39+00:00	2023-08-29T04:15:52+00:00	Shipped	Amazon	Amazon.fr		Expedited	INNONEXXT Haut de gamme Entretoises | Cales, plaques en plastique, blocs, plaquettes de compensation | Set : 1, 2, 3, 4, 5, 10 mm| 400 pièces, mélan	25-10VE-GZ0T	B07P52D4LY	Shipped	1	EUR	44.99	7.5							Osenbach		68570	FR		false			false	
405-5191605-8741161	405-5191605-8741161	2023-08-27T17:52:02+00:00	2023-08-29T04:15:39+00:00	Shipped	Amazon	Amazon.fr		Standard	INNONEXXT® Premium Cales pour vitrage | 24 x 100 mm, 300 pièces | Fabriqué en Allemagne | Cales, entretoises, cales d'espacement en plastique, entr	4B-9EAW-HI3A	B09RQ7P7WV	Shipped	1	EUR	23.51								Luxembourg		1740	LU	Free Shipping 2017/10/17 17-17-37-677	true		Business Price	false	
405-5191605-8741161	405-5191605-8741161	2023-08-27T17:52:02+00:00	2023-08-29T04:15:39+00:00	Shipped	Amazon	Amazon.fr		Standard	INNONEXXT Haut de gamme cales en plastique | 125 x cales mix avec aide au montage | FABRIQUÉ EN ALLEMAGNE | Cales en plastique, cales de montage, cal	6Z-R0CA-A8ZW	B07ZPC81W2	Shipped	1	EUR	23.92								Luxembourg		1740	LU	Free Shipping 2017/10/17 17-17-37-677	true		Business Price	false	
407-7291663-8574749	407-7291663-8574749	2023-08-28T15:27:23+00:00	2023-08-29T04:15:37+00:00	Shipped	Amazon	Amazon.fr		Expedited	INNONEXXT Premium Disques abrasifs excentriques 125mm | Or, 60 pièces, 8 trous | papier a poncer, disque poncage | Papier abrasif universel Velcro |	2R-9ZP5-A8W2	B09QD5239J	Shipped	1	EUR	13.99	2.33							Viry		74580	FR		false			false	
408-9228603-4983549	408-9228603-4983549	2023-08-28T16:47:40+00:00	2023-08-29T04:15:26+00:00	Shipped	Amazon	Amazon.fr		Expedited	INNONEXXT® Lot de 120 cales de qualité supérieure en plastique ?Cales de Montage ?pour parquet, carrelage et bien plus encore ?Coins d'Installation	5P-3IB4-A2UC	B07ZPBP9G6	Shipped	1	EUR	21.99	3.67							Arnaville		54530	FR		false			false	
404-2542563-9411542	404-2542563-9411542	2023-08-28T20:40:44+00:00	2023-08-29T04:15:09+00:00	Shipped	Amazon	Amazon.fr		Expedited	INNONEXXT premium Entretoises pour lames de terrasse | 500 pièces - 4 mm | Entretoises Terrassfix, entretoises pour lames de terrasse, entretoises pl	U1-3J8F-95E1	B0944899KY	Shipped	1	EUR	42.49	7.08							Draveil		91210	FR		false			false	
171-5735659-4957934	171-5735659-4957934	2023-08-26T19:50:53+00:00	2023-08-29T03:59:02+00:00	Shipped	Amazon	Amazon.fr		Standard	INNONEXXT Premium Disques abrasifs excentriques 125mm | Or, 60 pièces, 8 trous | papier a poncer, disque poncage | Papier abrasif universel Velcro |	2R-9ZP5-A8W2	B09QD5239J	Shipped	1	EUR	13.99	2.33	2.08					2.08	Lardy		91510	FR	Free Shipping 2017/10/17 17-17-37-677	false			false	
406-4078364-8260356	406-4078364-8260356	2023-08-28T05:36:36+00:00	2023-08-29T03:47:14+00:00	Shipped	Amazon	Amazon.fr		Expedited	INNONEXXT vis d'ajustage de haute qualitï¿½ | 100 pcs 6 x 90 mm, T30 Bleu zinguï¿½ | vis inox, vis bois, vis a bois, Rainures de fraisage, Cut P	SV-MF6Q-7K4T	B08XFQC1K5	Shipped	1	EUR	28.29	4.72							Saint Aquilin De Corbion		61380	FR		false			false	
403-1890353-1277144	403-1890353-1277144	2023-08-25T22:15:46+00:00	2023-08-29T01:23:37+00:00	Shipped	Amazon	Amazon.fr		Standard	INNONEXXT Haut de gamme Plaques de calage | 60 x 40 mm 80 pièces Mix jusqu'à 5 t | Entretoises, plaques en plastique, blocs, plaquettes de compensat	RI-897L-YJHU	B08SCJC5BX	Shipped	1	EUR	31.99	5.33	2.08					2.08	Hierges		08320	FR	Free Shipping 2017/10/17 17-17-37-677	false			false	
408-8115942-7205919	408-8115942-7205919	2023-08-28T14:14:18+00:00	2023-08-29T01:23:28+00:00	Shipped	Amazon	Amazon.fr		Expedited	INNONEXXT Vis pour plaques de plâtre de haute qualité | 3,9 x 19 mm 500 pièces | Vis pour plaques de fibrociment, vis pour construction sèche, vis	54-T330-4YP9	B08GFWCTKK	Shipped	1	EUR	16.99	2.83							Chenimenil		88460	FR		false			false	
405-0589911-7757960	405-0589911-7757960	2023-08-18T02:58:15+00:00	2023-08-29T01:23:12+00:00	Shipped	Amazon	Amazon.fr		Standard	INNONEXXT Haut de gamme Vis pour terrasse en acier inoxydable avec embout | C1-5,0 x 60 mm 200 pièces | Dentelle coupée | Vis à bois, Nervures de f	UA-0KEE-NJEO	B09GKVXT43	Shipped	1	EUR	30.39	5.07							VARENNES JARCY		91480	FR		false			false	
404-8237498-6769113	404-8237498-6769113	2023-08-28T20:25:12+00:00	2023-08-29T01:23:05+00:00	Shipped	Amazon	Amazon.fr		Expedited	INNONEXXT® Premium Cales pour vitrage | 24 x 100 mm, 3mm - 500 pièces | Fabriqué en Allemagne | Cales, entretoises, cales d'espacement en plastique	IV-XWNQ-QS7K	B08XW1521V	Shipped	1	EUR	33.99	5.67							Les Auxons		25870	FR		false			false	
407-2619619-8348351	407-2619619-8348351	2023-08-28T10:58:42+00:00	2023-08-29T01:22:50+00:00	Shipped	Amazon	Amazon.fr		Expedited	INNONEXXT Vis pour plaques de plâtre de haute qualité | 3,9 x 19 mm 500 pièces | Vis pour plaques de fibrociment, vis pour construction sèche, vis	54-T330-4YP9	B08GFWCTKK	Shipped	1	EUR	16.99	2.83							comines		59560	FR		false			false	
407-3016607-7184348	407-3016607-7184348	2023-08-28T11:17:15+00:00	2023-08-29T01:22:39+00:00	Shipped	Amazon	Amazon.fr		Expedited	INNONEXXT Haut de gamme Entretoises | Cales, plaques en plastique, blocs, plaquettes de compensation | Set : 1, 2, 3, 4, 5, 10 mm| 400 pièces, mélan	25-10VE-GZ0T	B07P52D4LY	Shipped	1	EUR	44.99	7.5							schoeneck		57350	FR		false			false	
171-2496626-5209900	171-2496626-5209900	2023-08-28T17:34:43+00:00	2023-08-29T01:22:30+00:00	Shipped	Amazon	Amazon.fr		Standard	INNONEXXT Haut de gamme Equerre métallique | 25 pièces 60 x 60 x 40 x 2 mm | Equerre, support d'équerre, équerre en L en métal, équerre en acier	GK-4SMV-2S8T	B09BVP8XFW	Shipped	1	EUR	18.49	3.08	4.99	0.83					GERMIGNAC		17520	FR		false			false	
408-3701153-0603519	408-3701153-0603519	2023-08-17T19:04:25+00:00	2023-08-29T01:22:18+00:00	Shipped	Amazon	Amazon.fr		Standard	INNONEXXT Haut de gamme Vis pour terrasse en acier inoxydable avec embout | C1-5,0 x 60 mm 200 pièces | Dentelle coupée | Vis à bois, Nervures de f	UA-0KEE-NJEO	B09GKVXT43	Shipped	1	EUR	30.39	5.07							VARENNES JARCY		91480	FR		false			false	
405-8252492-7773136	405-8252492-7773136	2023-08-28T07:46:12+00:00	2023-08-28T21:56:26+00:00	Shipped	Amazon	Amazon.fr		Expedited	INNONEXXT Haut de gamme Entretoises avec aide au montage | 300 pièces, Mix - 60 x 45 mm | Cales, entretoises, écarteurs, plaques en plastique, plaqu	ZJ-O015-RGNY	B07P589646	Shipped	1	EUR	37.94								trosly-breuil		60350	FR		true		Business Price	false	
405-7750342-9564300	405-7750342-9564300	2023-08-20T00:26:12+00:00	2023-08-28T21:20:38+00:00	Shipped	Amazon	Amazon.fr		Standard	INNONEXXT vis d'ajustage de haute qualité | 100 pcs 6 x 90 mm, T30 Bleu zingué | vis inox, vis bois, vis a bois, Rainures de fraisage, Cut Point, T?	SV-MF6Q-7K4T	B08XFQC1K5	Shipped	1	EUR	28.29	4.72							Urepel		64430	FR		false			false	
406-9349460-5162744	406-9349460-5162744	2023-08-28T14:18:45+00:00	2023-08-28T21:20:24+00:00	Shipped	Amazon	Amazon.fr		Expedited	INNONEXXT® vis à aggloméré de qualité supérieure | 4,5 x 50 mm Lot de 500 | avec nervures de fraisage, vis a bois, vis bois torx, vis de terrass	MZ-LJYL-19Q6	B08GJ8B2CN	Shipped	3	EUR	92.97	15.51							SURY AUX BOIS		45530	FR		false			false	
408-9175931-7543518	408-9175931-7543518	2023-08-26T16:44:28+00:00	2023-08-28T21:20:13+00:00	Shipped	Amazon	Amazon.fr		Expedited	INNONEXXT Haut de gamme Vis pour terrasse en acier inoxydable avec embout | C1-5,0 x 50 mm 200 pièces | Dentelle coupée | Vis à bois, Nervures de f	A5-M669-W35F	B09GKTR4CL	Shipped	2	EUR	55.98	9.34							Mormaison		85260	FR		false			false	
406-6500629-8294706	406-6500629-8294706	2023-08-27T21:27:18+00:00	2023-08-28T21:19:57+00:00	Shipped	Amazon	Amazon.fr		Expedited	INNONEXXT Premium Disques abrasifs excentriques 125mm | Or, 60 pièces, 8 trous | papier a poncer, disque poncage | Papier abrasif universel Velcro |	2R-9ZP5-A8W2	B09QD5239J	Shipped	1	EUR	13.99	2.33							SIGNES		83870	FR		false			false	
405-3757835-1822765	405-3757835-1822765	2023-08-28T11:03:57+00:00	2023-08-28T21:19:42+00:00	Shipped	Amazon	Amazon.fr		Expedited	INNONEXXT® Premium Cales pour vitrage | 24 x 100 mm, 5mm - 500 pièces | Fabriqué en Allemagne | Cales, entretoises, cales d'espacement en plastique	62-QQ2Z-Z829	B08XVQSZLL	Shipped	1	EUR	39.99	6.67							chilleurs aux bois		45170	FR		false			false	
406-2847946-5421120	406-2847946-5421120	2023-08-21T22:36:38+00:00	2023-08-28T21:19:36+00:00	Shipped	Amazon	Amazon.fr		Standard	INNONEXXT Pied à biche de qualité supérieure | 800 x 18 mm | En acier spécial | Pour clous, fentes de clous, pied de biche | Grattoir à burin, pi	2I-PB7C-OYPH_FBM	B09BZLK44P	Shipped	1	EUR	27.99	4.67	2.07					2.07	Aspres Sur Buech		05140	FR	Free Shipping 2017/10/17 17-17-37-677	false			false	
408-8601186-3205918	408-8601186-3205918	2023-08-28T08:14:56+00:00	2023-08-28T21:19:22+00:00	Shipped	Amazon	Amazon.fr		Expedited	INNONEXXT Haut de gamme Vis pour terrasse en acier inoxydable avec embout | C1-5,0 x 50 mm 200 pièces | Dentelle coupée | Vis à bois, Nervures de f	A5-M669-W35F	B09GKTR4CL	Shipped	1	EUR	27.99	4.67							Mormaison		85260	FR		false			false	
404-4931418-2948318	404-4931418-2948318	2023-08-27T17:51:58+00:00	2023-08-28T21:19:09+00:00	Shipped	Amazon	Amazon.fr		Expedited	INNONEXXT Haut de gamme Vis pour terrasse en acier inoxydable avec embout | C1-5,0 x 40 mm 200 piï¿½ces | Dentelle coupï¿½e | Vis ï¿½ bois, N	WP-RL06-9J7C	B09GKW85JT	Shipped	1	EUR	25.99	4.33							MONTERFIL		35160	FR		false			false	
406-4184262-0183543	406-4184262-0183543	2023-08-27T21:10:00+00:00	2023-08-28T21:19:04+00:00	Shipped	Amazon	Amazon.fr		Expedited	INNONEXXT premium Entretoises pour lames de terrasse | 200 pièces - 4 mm | Entretoises Terrassfix, entretoises pour lames de terrasse, entretoises pl	A6-Q9GJ-WQ5E	B09446V6XJ	Shipped	1	EUR	24.99	4.17							Bassens		33530	FR		false			false	
403-8171448-1833937	403-8171448-1833937	2023-08-28T12:54:57+00:00	2023-08-28T21:18:56+00:00	Shipped	Amazon	Amazon.fr		Expedited	INNONEXXT® Premium Cales pour vitrage | 24 x 100 mm, 300 pièces | Fabriqué en Allemagne | Cales, entretoises, cales d'espacement en plastique, entr	4B-9EAW-HI3A	B09RQ7P7WV	Shipped	1	EUR	28.49	4.75							Mauvezin		65130	FR		false			false	
402-9740863-9630749	402-9740863-9630749	2023-08-27T18:35:28+00:00	2023-08-28T21:18:44+00:00	Shipped	Amazon	Amazon.fr		Expedited	INNONEXXT Haut de gamme Plaques de calage | 60 x 40 mm 80 pièces Mix jusqu'à 5 t | Entretoises, plaques en plastique, blocs, plaquettes de compensat	RI-897L-YJHU	B08SCJC5BX	Shipped	1	EUR	31.99	5.33							Nans les Pins		83860	FR		false			false	
403-2956611-1278714	403-2956611-1278714	2023-08-28T15:10:10+00:00	2023-08-28T21:18:31+00:00	Shipped	Amazon	Amazon.fr		Expedited	INNONEXXT Haut de gamme Vis pour terrasse en acier inoxydable avec embout | C1-5,0 x 50 mm 200 pièces | Dentelle coupée | Vis à bois, Nervures de f	A5-M669-W35F	B09GKTR4CL	Shipped	1	EUR	27.99	4.67							Larre		56230	FR		false			false	
407-1579628-8182719	407-1579628-8182719	2023-08-24T09:02:06+00:00	2023-08-28T21:18:20+00:00	Shipped	Amazon	Amazon.fr		Expedited	INNONEXXT Pied à biche de qualité supérieure | 800 x 18 mm | En acier spécial | Pour clous, fentes de clous, pied de biche | Grattoir à burin, pi	2I-PB7C-OYPH_FBM	B09BZLK44P	Shipped	1	EUR	27.99	4.67							Staffelfelden		68850	FR		false			false	
408-2551033-2277144	408-2551033-2277144	2023-08-25T11:19:56+00:00	2023-08-28T21:14:05+00:00	Shipped	Amazon	Amazon.fr		Expedited	INNONEXXT Haut de gamme Vis pour terrasse en acier inoxydable avec embout | A2-5,0 x 60 mm 200 pièces TX25 | Dentelle coupée | Vis à bois, Nervures	60-J3H9-BG7K	B08S212QHB	Shipped	1	EUR	34.99	5.83							paris		75008	FR		true			false	
406-3097816-0083568	406-3097816-0083568	2023-08-25T13:06:53+00:00	2023-08-28T21:13:49+00:00	Shipped	Amazon	Amazon.fr		Expedited	INNONEXXT Haut de gamme Plaques de calage | 60 x 40 mm 80 pièces Mix jusqu'à 5 t | Entretoises, plaques en plastique, blocs, plaquettes de compensat	RI-897L-YJHU	B08SCJC5BX	Shipped	1	EUR	31.99	5.33							Montpellier		34070	FR		false			false	
407-9495669-8205950	407-9495669-8205950	2023-08-28T19:47:34+00:00	2023-08-28T19:48:42+00:00	Pending	Amazon	Amazon.fr		Expedited	INNONEXXT® Disque diamant premium | 150/22,23/2 / 10 mm | segments de diamant turbo pressés à chaud, longue durée de vie, acier trempé, disque di	6A-TNE9-3CH4	B09BNGBCD3	Unshipped	1	EUR	14.99								Le Thor		84250	FR		false			false	
171-5680345-2029959	171-5680345-2029959	2023-08-28T19:13:06+00:00	2023-08-28T19:14:12+00:00	Pending	Amazon	Amazon.fr		Expedited	INNONEXXT Haut de gamme Entretoises | Cales, plaques en plastique, blocs, plaquettes de compensation | Set : 1, 2, 3, 4, 5, 10 mm| 400 pièces, mélan	25-10VE-GZ0T	B07P52D4LY	Unshipped	1	EUR	44.99								Massongy		74140	FR	Subscribe and Save Promotion V2	false			false	
408-9413143-7797158	408-9413143-7797158	2023-08-28T08:10:58+00:00	2023-08-28T19:05:25+00:00	Shipped	Amazon	Amazon.fr		Expedited	INNONEXXT Rouleau de papier abrasif Premium | 6 pièces, 93 mm x 5 m | papier de verre, papier de verre, papier poncer bois, feuille abrasive, bloc de	K9-EVG4-MYQB	B09QJTMLDK	Shipped	1	EUR	18.97								La Gaillarde	France	76740	FR		true		Business Price	false	
407-0485047-3346742	407-0485047-3346742	2023-08-28T17:22:27+00:00	2023-08-28T17:23:32+00:00	Pending	Amazon	Amazon.fr		Expedited	INNONEXXT Haut de gamme Plaques de calage | 60 x 40 mm 40 pièces Mix jusqu'à 5 t | Entretoises, plaques en plastique, blocs, plaquettes de compensat	9L-HBWO-UNTN	B09JGD3YWL	Unshipped	1	EUR	22.99								MARSEILLE		13013	FR		false			false	
407-7728550-0049104	407-7728550-0049104	2023-08-18T16:59:33+00:00	2023-08-28T17:09:58+00:00	Cancelled	Amazon	Amazon.fr		Standard	INNONEXXT Haut de gamme Vis pour terrasse en acier inoxydable avec embout | A2-5,0 x 60 mm 200 piï¿½ces TX25 | Dentelle coupï¿½e | Vis ï¿½ bo	60-J3H9-BG7K	B08S212QHB	Cancelled	0										Toulon		83100	FR	Free Shipping 2017/10/17 17-17-37-677	false			false	
408-7566913-5832359	408-7566913-5832359	2023-08-28T16:59:30+00:00	2023-08-28T17:02:57+00:00	Cancelled	Amazon	Amazon.fr		Expedited	INNONEXXT Haut de gamme Vis pour terrasse en acier inoxydable avec embout | C1-5,0 x 50 mm 200 piï¿½ces | Dentelle coupï¿½e | Vis ï¿½ bois, N	A5-M669-W35F	B09GKTR4CL	Cancelled	0										Montmerle Sur Saone		01090	FR		false			false	
406-6404645-5377137	406-6404645-5377137	2023-08-28T16:28:15+00:00	2023-08-28T16:30:21+00:00	Pending	Amazon	Amazon.fr		Standard	INNONEXXT® Disque de coupe diamanté de haute qualité | 230/22,23/2,4/10 mm | segments de diamant turbo pressés à chaud, longue durée de vie, aci	YH-XKM8-ZR3B	B09BNG1QG5	Unshipped	1	EUR	19.99								Luynes		13080	FR	Free Shipping 2017/10/17 17-17-37-677	false			false	
404-1005012-3824366	404-1005012-3824366	2023-08-15T10:21:48+00:00	2023-08-28T16:30:00+00:00	Shipped	Amazon	Amazon.fr		Expedited	INNONEXXT® Disque diamant premium | 125/22,23/1,8/10 mm | segments de diamant turbo pressés à chaud, longue durée de vie, acier trempé, disque di	YN-JM9Q-CM89	B09BNGNKD5	Shipped	1	EUR	8.24								Chateaubriant	Pays de la loire	44110	FR		true		Business Price	false	
408-1785913-4609939	408-1785913-4609939	2023-08-28T08:33:19+00:00	2023-08-28T16:24:56+00:00	Shipped	Amazon	Amazon.fr		Expedited	INNONEXXT Haut de gamme Vis pour terrasse en acier inoxydable avec embout | C1-5,0 x 50 mm 200 pièces | Dentelle coupée | Vis à bois, Nervures de f	A5-M669-W35F	B09GKTR4CL	Shipped	1	EUR	27.99	4.67							Parey sous montfort		88800	FR		false			false	
403-1222517-6538758	403-1222517-6538758	2023-08-16T16:09:09+00:00	2023-08-28T16:24:51+00:00	Shipped	Amazon	Amazon.fr		Standard	INNONEXXT Pied ï¿½ biche de qualitï¿½ supï¿½rieure | 800 x 18 mm | En acier spï¿½cial | Pour clous, fentes de clous, pied de biche | Gratt	2I-PB7C-OYPH_FBM	B09BZLK44P	Shipped	1	EUR	28.22	4.9							Rixensart		1332	BE	Free Shipping 2017/10/17 17-17-37-677	false			false	
171-3630651-2721128	171-3630651-2721128	2023-08-27T07:18:57+00:00	2023-08-28T16:24:39+00:00	Shipped	Amazon	Amazon.fr		Standard	INNONEXXT® Premium Cales pour vitrage | 24 x 100 mm, 300 pièces | Fabriqué en Allemagne | Cales, entretoises, cales d'espacement en plastique, entr	4B-9EAW-HI3A	B09RQ7P7WV	Shipped	1	EUR	28.49	4.75							Les Houches		74310	FR	Free Shipping 2017/10/17 17-17-37-677	false			false	
408-9392098-8283540	408-9392098-8283540	2023-08-28T08:35:09+00:00	2023-08-28T16:23:57+00:00	Shipped	Amazon	Amazon.fr		Expedited	INNONEXXT® Lot de 100 vis d'ajustement de qualité supérieure - 6 x 100mm, T30 - Bleu galvanisé - Acier - Rainures de fraisage - Pointe coupée, T?	7H-B0F3-YDBF	B08XFKLXZZ	Shipped	1	EUR	26.99	4.5							DOUZY		08140	FR		false			false	
406-8526557-5845127	406-8526557-5845127	2023-08-01T09:56:44+00:00	2023-08-28T16:23:00+00:00	Shipped	Amazon	Amazon.fr		Expedited	INNONEXXT Haut de gamme Plaques de calage | 60 x 40 mm 160 piï¿½ces Mix jusqu'ï¿½ 16 t | Entretoises, plaques en plastique, blocs, plaquettes de	JV-YDRH-BYKA	B07NZJJHDG	Shipped	2	EUR	86.98	14.5							Beaumont		74160	FR		false			false	
171-6067958-1875530	171-6067958-1875530	2023-08-28T08:53:42+00:00	2023-08-28T15:06:04+00:00	Shipped	Amazon	Amazon.fr		Expedited	INNONEXXT Haut de gamme Entretoises | 10 mm, 150 pièces, 60 x 45 mm | Plaques de calage, entretoises, plaques en plastique, blocs, plaquettes de comp	DX-CGQC-M3V8	B09JCPYPTY	Shipped	1	EUR	32.49	5.42							MONTMERLE SUR SAONE		01090	FR		false			false	
171-2522827-5471517	171-2522827-5471517	2023-08-28T14:41:24+00:00	2023-08-28T14:52:06+00:00	Cancelled	Amazon	Amazon.fr		Expedited	INNONEXXT® Premium Cales pour vitrage | 24 x 100 mm, 600 pièces | Fabriqué en Allemagne | Cales, entretoises, cales d'espacement en plastique, entr	GJ-6IO8-W0G9	B07ZPBVDLY	Cancelled	0										Montigny-le-Tilleul		6110	BE		false			false	
405-0053204-3056358	405-0053204-3056358	2023-08-28T16:03:48+00:00	2023-08-29T13:33:08+00:00	Shipped	Amazon	Amazon.nl		Standard	INNONEXXT® Premium afstandhouders, 10 mm, 150 stuks, 60 x 45 mm, onderlegplaten, afstandhouders, kunststof platen, blokken, compensatieplaatjes, onde	DX-CGQC-M3V8	B09JCPYPTY	Shipped	1	EUR	27.76	4.82	1.02					1.02	limal		1300	BE	Duplicated A1JM8ON4CYJEU9 1570658275233	false			false	
405-0053204-3056358	405-0053204-3056358	2023-08-28T16:03:48+00:00	2023-08-29T13:33:08+00:00	Shipped	Amazon	Amazon.nl		Standard	INNONEXXT® Premium afstandhouders, 4 mm, 200 stuks, 60 x 45 mm, onderlegplaten, afstandhouders, kunststof platen, blokken, compensatieplaatjes, onder	SO-DJSH-NNE8	B09JCQ9K31	Shipped	1	EUR	23.58	4.09	1.03					1.03	limal		1300	BE	Duplicated A1JM8ON4CYJEU9 1570658275233	false			false	
171-8382653-4401105	171-8382653-4401105	2023-08-28T08:01:31+00:00	2023-08-29T01:24:30+00:00	Shipped	Amazon	Amazon.nl		Standard	INNONEXXT® Premium insteekbare onderlegplaten | 40x80-200 stk. Mix tot 16t | afstandsplaatjes, onderlegplaatjes van kunststof, compensatieplaten, afs	MH-CJRY-5P2K	B0BZ148L38	Shipped	1	EUR	30.14	5.23	2.06					2.06	ROTTERDAM		3064LC	NL	Duplicated A1JM8ON4CYJEU9 1570658275233	false			false	
203-7454477-5845114	203-7454477-5845114	2023-08-27T14:44:54+00:00	2023-08-28T21:28:22+00:00	Shipped	Amazon	Amazon.co.uk		Expedited	INNONEXXT Premium Plastic Packers | 40x60 mm, 80 pcs Mix up to 5 t | Shims, spacers, Plastic Spacer Blocks, Glazing Blocks, Plastic Plates | Made in G	RI-897L-YJHU	B08SCJC5BX	Shipped	1	GBP	26.22	4.37							IPSWICH	SUFFOLK	IP6 0BZ	GB		false			false	
203-0957017-3678760	203-0957017-3678760	2023-08-28T10:40:18+00:00	2023-08-28T20:40:02+00:00	Pending	Amazon	Amazon.co.uk		Expedited	INNONEXXT Premium Plastic Packers | 40x60 mm, 80 pcs Mix up to 5 t | Shims, spacers, Plastic Spacer Blocks, Glazing Blocks, Plastic Plates | Made in G	RI-897L-YJHU	B08SCJC5BX	Unshipped	1	GBP	26.22								BRIGHTON	E Sussex	BN1 6EQ	GB		false			false	
204-5451928-2821902	204-5451928-2821902	2023-08-27T23:54:26+00:00	2023-08-28T19:53:27+00:00	Shipped	Amazon	Amazon.co.uk		Expedited	Mouji Premium hot Water Bottle Set with Warm Cover Fluffy 2l hot Water Bottles, Hose hot Water Bottle, Adult hot Water Bottle, Heat Packs Hot Water Ba	VA-ZKXX-Q8ZG	B09TRDJYRR	Shipped	1	GBP	15.99	2.67							CARDIFF	S Glam	CF23 5LS	GB		false			false	
204-1512709-8868360	204-1512709-8868360	2023-08-28T15:02:11+00:00	2023-08-28T15:02:16+00:00	Pending	Amazon	Amazon.co.uk		Expedited	INNONEXXT Premium Plastic Packers | 40x60 mm, 80 pcs Mix up to 5 t | Shims, spacers, Plastic Spacer Blocks, Glazing Blocks, Plastic Plates | Made in G	RI-897L-YJHU	B08SCJC5BX	Unshipped	1	GBP	26.22								Old Stratford		MK19 6AY	GB		false			false	
303-6882579-8855537	303-6882579-8855537	2023-08-29T13:49:27+00:00	2023-08-29T13:49:32+00:00	Pending	Amazon	Amazon.de		Expedited	INNONEXXT® Premium Verglasungsklötze | 24 x 100 mm, 600 Stück | Made in Germany | Unterlegplatten, Abstandshalter, Distanzklötze aus Kunststoff, A	GJ-6IO8-W0G9	B07ZPBVDLY	Unshipped	1	EUR	30.22								Mondsee		5310	AT		false			false	
304-6353750-1343555	304-6353750-1343555	2023-08-29T13:39:28+00:00	2023-08-29T13:39:34+00:00	Pending	Amazon	Amazon.de		Expedited	INNONEXXT® Premium Unterlegplatten | 40er Set - 60 x 40 mm | Abstandshalter, Plättchen aus Kunststoff | Tragfähigkeit bis 5 t | Set: 1.5, 2, 3, 4,	9L-HBWO-UNTN	B09JGD3YWL	Unshipped	1	EUR	19.98								Anger	Bayern	83454	DE		false			false	
305-5073984-3949930	305-5073984-3949930	2023-08-28T13:28:04+00:00	2023-08-29T13:30:47+00:00	Shipped	Amazon	Amazon.de		Expedited	INNONEXXT® Premium Profilverbindungsschrauben | 3,9 x 11 mm | 500 Stück | Metallprofileschrauben, Profil Schrauben, Blechschrauben schwarz, Trockenb	2R-KNCM-T7QB	B08GFWYC7M	Shipped	1	EUR	15.49	2.47							Fischen I. Allgäu	Bayern	87538	DE		false			false	
304-3290829-0124324	304-3290829-0124324	2023-08-29T05:19:31+00:00	2023-08-29T13:30:36+00:00	Shipped	Amazon	Amazon.de		Expedited	INNONEXXT® Premium Kunststoff Keile | Made in Germany | Plastik Keile, Montagekeile, Distanzkeile aus Kunststoff (125 x Keile MIX mit Montagehilfe)	U2-DNA6-EOTD	B07ZPD57TS	Shipped	1	EUR	27.49	4.39							Bornheim	NRW	53332	DE		false			false	
304-7894483-5121168	304-7894483-5121168	2023-08-28T18:28:02+00:00	2023-08-29T13:29:45+00:00	Shipped	Amazon	Amazon.de		Expedited	INNONEXXT® Premium Winkelverbinder | 25 Stück 60 x 60 x 40 x 2 mm | Winkel, Winkelhalterung, L-Winkel, Metallwinkel, Stuhlwinkel, Stahlwinkel, Schwe	GK-4SMV-2S8T	B09BVP8XFW	Shipped	1	EUR	17.28	2.88							Neuberg	Burgenland	7537	AT		false			false	
304-6198122-6624364	304-6198122-6624364	2023-08-29T03:54:49+00:00	2023-08-29T13:29:25+00:00	Shipped	Amazon	Amazon.de		Expedited	INNONEXXT® Premium Diamant-Dosensenker Dosenbohrer 82mm | Spezial-Turbo-segmentiert, lasergeschweißt | Lochbohrer, Steckdosenbohrer | Mauerwerk, Kal	B6-IGP0-E411	B09CZGLS2D	Shipped	1	EUR	37.99	6.07							Treuchtlingen	Bayern	91757	DE		false			false	
306-2710563-3173128	306-2710563-3173128	2023-08-28T14:47:42+00:00	2023-08-29T13:29:22+00:00	Shipped	Amazon	Amazon.de		Standard	INNONEXXT® Premium Verglasungsklötze | 24 x 100 mm, 600 Stück | Made in Germany | Unterlegplatten, Abstandshalter, Distanzklötze aus Kunststoff, A	GJ-6IO8-W0G9	B07ZPBVDLY	Shipped	1	EUR	29.97	4.79	0.67					0.67	Fredenbeck		21717	DE	DE Core Free Shipping 2018/04/24 20-00-00	false			false	
302-0859851-9569954	302-0859851-9569954	2023-08-29T08:56:55+00:00	2023-08-29T13:29:14+00:00	Shipped	Amazon	Amazon.de		Standard	INNONEXXT® Premium Schleifpapier Rolle | 6 Stück, 93 mm x 5 m | Schmirgelpapier fein, grob | Schleifset für Handschleifer, Schleifklotz, Schleifblo	K9-EVG4-MYQB	B09QJTMLDK	Shipped	1	EUR	22.49	3.59	1.68					1.68	Hamburg		20097	DE	DE Core Free Shipping 2018/04/24 20-00-00	false			false	
302-1292835-8444344	302-1292835-8444344	2023-08-28T18:48:43+00:00	2023-08-29T13:28:49+00:00	Shipped	Amazon	Amazon.de		Expedited	INNONEXXT® Premium Schnellbauschraube mit Grobgewinde | 3,9 x 25 mm | Gipskarton-Schraube, Rigipsschrauben, Trockenwandschrauben, Universalschrauben	FA-GB40-ZTUM	B08GD1XMYX	Shipped	1	EUR	15.99	2.55							Eilenstedt		38838	DE		false			false	
302-0692985-3821955	302-0692985-3821955	2023-08-29T07:51:23+00:00	2023-08-29T13:28:41+00:00	Shipped	Amazon	Amazon.de		Expedited	INNONEXXT® Premium Kunststoff Keile | Made in Germany | Plastik Keile, Montagekeile, Distanzkeile aus Kunststoff (120 x Keile rot Einzeln)	5P-3IB4-A2UC	B07ZPBP9G6	Shipped	1	EUR	16.99	2.71							Lauenbrück	Niedersachsen	27389	DE		false			false	
305-0021638-6925957	305-0021638-6925957	2023-08-28T09:21:20+00:00	2023-08-29T13:28:41+00:00	Shipped	Amazon	Amazon.de		Expedited	INNONEXXT® Premium Unterlegplatten | 60 x 40 mm 160 Stück Mix | Abstandshalter, Plättchen aus Kunststoff | Tragfähigkeit bis 16 t | Set: 1.5, 2, 3	JV-YDRH-BYKA	B07NZJJHDG	Shipped	1	EUR	41.49	6.62							Nürnberg	Bayern	90475	DE		false			false	
303-6144445-7796342	303-6144445-7796342	2023-08-28T16:17:30+00:00	2023-08-29T13:28:17+00:00	Shipped	Amazon	Amazon.de		Standard	INNONEXXT® Premium Winkelverbinder | 25 Stück 60 x 60 x 40 x 2 mm | Winkel, Winkelhalterung, L-Winkel, Metallwinkel, Stuhlwinkel, Stahlwinkel, Schwe	GK-4SMV-2S8T	B09BVP8XFW	Shipped	1	EUR	16.99	2.71							Schwielochsee		15913	DE		false			false	
303-8939869-2609909	303-8939869-2609909	2023-08-29T06:58:38+00:00	2023-08-29T13:28:07+00:00	Shipped	Amazon	Amazon.de		Standard	INNONEXXT® Premium Terrassendielen Abstandshalter | Terrassfix Dielenabstand 4 mm - 200 Stück | Lastübertragung bis 8 Tonnen | Terrassenabstandshal	A6-Q9GJ-WQ5E	B09446V6XJ	Shipped	1	EUR	18.14	3.02	1.66					1.66	Kirchdorf		4560	AT	DE Core Free Shipping 2018/04/24 20-00-00	false			false	
303-4445842-6222710	303-4445842-6222710	2023-08-21T09:26:18+00:00	2023-08-29T13:27:55+00:00	Shipped	Amazon	Amazon.de		Expedited	INNONEXXT® Professional Dreieckschleifer Schleifpapier |100 x 150 mm, Gold, 100 Stück, 7 Loch | Delta.- Multischleifer, Schleifblätter Klett | 10x	J0-4EOO-GOQ2	B09QJ7P35S	Shipped	1	EUR	31.98	5.11							Kierspe		58566	DE		false			false	
306-7097440-9117169	306-7097440-9117169	2023-08-29T07:14:42+00:00	2023-08-29T13:27:53+00:00	Shipped	Amazon	Amazon.de		Expedited	INNONEXXT® Premium Schleifpapier Rolle | 6 Stück, 93 mm x 5 m | Schmirgelpapier fein, grob | Schleifset für Handschleifer, Schleifklotz, Schleifblo	K9-EVG4-MYQB	B09QJTMLDK	Shipped	1	EUR	22.49	3.59							Beselich		65614	DE		false			false	
303-8357143-0189106	303-8357143-0189106	2023-08-27T20:50:48+00:00	2023-08-29T13:27:48+00:00	Shipped	Amazon	Amazon.de		Expedited	INNONEXXT® Premium Unterlegplatten | 60 x 40 mm, 80 Stk | Abstandshalter, Plättchen aus Kunststoff, Unterlegklotz, Distanzhalter | Tragfähigkeit bi	RI-897L-YJHU	B08SCJC5BX	Shipped	1	EUR	27.96	4.46							Nörvenich	Nordrhein-Westfalen	52388	DE		false			false	
306-1842720-3521104	306-1842720-3521104	2023-08-28T14:01:45+00:00	2023-08-29T13:27:28+00:00	Shipped	Amazon	Amazon.de		Standard	INNONEXXT® Premium Abstandshalter | 400 Stück, Mix - 60 x 45 mm | Unterlegplatten, Abstandhalter, Distanzhalter, Kunststoff Platten, Klötze, Ausgle	25-10VE-GZ0T	B07P52D4LY	Shipped	1	EUR	43.99	7.02	3.35					3.35	Guckheim	Rheinland-Pfalz	56459	DE	DE Core Free Shipping 2018/04/24 20-00-00	false			false	
303-5420713-3486730	303-5420713-3486730	2023-08-27T13:42:16+00:00	2023-08-29T13:27:24+00:00	Shipped	Amazon	Amazon.de		Standard	INNONEXXT® Premium Abstandshalter | 400 Stück, Mix - 60 x 45 mm | Unterlegplatten, Abstandhalter, Distanzhalter, Kunststoff Platten, Klötze, Ausgle	25-10VE-GZ0T	B07P52D4LY	Shipped	3	EUR	131.97	21.06	3.36					3.36	Bad Münder Am Deister		31848	DE	DE Core Free Shipping 2018/04/24 20-00-00	false			false	
303-9898476-6021130	303-9898476-6021130	2023-08-27T12:12:20+00:00	2023-08-29T13:27:13+00:00	Shipped	Amazon	Amazon.de		Expedited	INNONEXXT® Professional Dreieckschleifer Schleifpapier |100 x 150 mm, Gold, 100 Stück, 7 Loch | Delta.- Multischleifer, Schleifblätter Klett | 10x	J0-4EOO-GOQ2	B09QJ7P35S	Shipped	1	EUR	31.98	5.11							Moers		47445	DE		false			false	
302-3086550-3753968	302-3086550-3753968	2023-08-28T14:56:39+00:00	2023-08-29T13:26:59+00:00	Shipped	Amazon	Amazon.de		Expedited	INNONEXXT® Premium Schnellbauschraube mit Grobgewinde | 3,9 x 30 mm | Gipskarton-Schraube, Rigipsschrauben, Trockenwandschrauben, Universalschrauben	7Q-22RC-QHQC	B08GD325J7	Shipped	1	EUR	16.49	2.63							Brühl		50321	DE		false			false	
302-6077282-7669141	302-6077282-7669141	2023-08-28T08:49:03+00:00	2023-08-29T13:26:48+00:00	Shipped	Amazon	Amazon.de		Standard	INNONEXXT® Premium Verglasungsklötze | 24 x 100 mm, 300 Stück | Made in Germany | Unterlegplatten, Abstandshalter, Distanzklötze aus Kunststoff, A	4B-9EAW-HI3A	B09RQ7P7WV	Shipped	1	EUR	24.99	3.99	3.99	0.64					Wesselburen		25764	DE		false			false	
306-7449831-6747506	306-7449831-6747506	2023-08-28T18:55:24+00:00	2023-08-29T13:26:43+00:00	Shipped	Amazon	Amazon.de		Expedited	INNONEXXT® Premium Profilverbindungsschrauben | 3,9 x 11 mm | 500 Stück | Metallprofileschrauben, Profil Schrauben, Blechschrauben schwarz, Trockenb	2R-KNCM-T7QB	B08GFWYC7M	Shipped	1	EUR	15.49	2.47							Aachen	NRW	52068	DE		false			false	
304-8736285-9387539	304-8736285-9387539	2023-08-29T10:00:48+00:00	2023-08-29T13:26:33+00:00	Shipped	Amazon	Amazon.de		Expedited	INNONEXXT® Premium Turbo Diamanttrennscheibe | 230/22,23/2,4/10 | heißgepresste Turbodiamantsegmente longlife, gehärteten Stahl | Trocken.- und Nas	YH-XKM8-ZR3B	B09BNG1QG5	Shipped	1	EUR	24.99	3.99							Erlangen	Bayern	91058	DE		false			false	
304-4365617-5215564	304-4365617-5215564	2023-08-29T13:26:15+00:00	2023-08-29T13:26:20+00:00	Pending	Amazon	Amazon.de		Expedited	INNONEXXT® Premium Verglasungsklötze | 24 x 100 mm, 600 Stück | Made in Germany | Unterlegplatten, Abstandshalter, Distanzklötze aus Kunststoff, A	GJ-6IO8-W0G9	B07ZPBVDLY	Unshipped	2	EUR	59.94								Sankt Englmar		94379	DE		true			false	
028-3781930-1860320	028-3781930-1860320	2023-08-28T11:18:36+00:00	2023-08-29T13:26:19+00:00	Shipped	Amazon	Amazon.de		Expedited	INNONEXXT® Premium Terrassendielen Abstandshalter | Terrassfix Dielenabstand 4 mm - 500 Stück | Lastübertragung bis 8 Tonnen | Terrassenabstandshal	U1-3J8F-95E1	B0944899KY	Shipped	1	EUR	34.99	5.59							Oldenburg		26127	DE		false			false	
304-2248705-0781134	304-2248705-0781134	2023-08-28T12:15:34+00:00	2023-08-29T13:26:08+00:00	Shipped	Amazon	Amazon.de		Expedited	INNONEXXT® Professional Dreieckschleifer Schleifpapier |100 x 150 mm, Gold, 100 Stück, 7 Loch | Delta.- Multischleifer, Schleifblätter Klett | 10x	J0-4EOO-GOQ2	B09QJ7P35S	Shipped	1	EUR	31.98	5.11							Rheine	Nordrhein-Westfalen	48429	DE		false			false	
306-7434414-4878739	306-7434414-4878739	2023-08-29T09:05:49+00:00	2023-08-29T13:25:57+00:00	Shipped	Amazon	Amazon.de		Expedited	INNONEXXT® Premium steckbare Unterlegplatten | 40x80-200 Stk. Mix bis 16t | Distanzplättchen, Unterlegplättchen aus Kunststoff, Ausgleichsplättche	MH-CJRY-5P2K	B0BZ148L38	Shipped	1	EUR	29.99	4.79							Bennewitz		04828	DE		false			false	
028-5691047-5333931	028-5691047-5333931	2023-08-29T06:28:47+00:00	2023-08-29T13:25:48+00:00	Pending	Amazon	Amazon.de		Standard	INNONEXXT® Premium Unterlegplatten | 60 x 40 mm, 15 mm grau - 100 Stk. | Abstandshalter, Plättchen aus Kunststoff, Distanzplatten, Klötze, Unterleg	57-84PR-ASQA	B08SCBWMWF	Shipped	2	EUR	66.34		1.99					1.99	Gratkorn		8101	AT	DE Core Free Shipping 2018/04/24 20-00-00	true		Business Price	false	
028-5691047-5333931	028-5691047-5333931	2023-08-29T06:28:47+00:00	2023-08-29T13:25:48+00:00	Pending	Amazon	Amazon.de		Standard	INNONEXXT® Premium Unterlegplatten | 60 x 40 mm, 10 mm braun - 100 Stk. | Abstandshalter, Plättchen aus Kunststoff, Distanzplatten, Klötze, Unterle	YX-ZU3N-YRQO	B08SCHG523	Unshipped	2	EUR	56.56		2.0					2.0	Gratkorn		8101	AT	DE Core Free Shipping 2018/04/24 20-00-00	true		Business Price	false	
305-4261544-7216304	305-4261544-7216304	2023-08-28T20:09:28+00:00	2023-08-29T13:25:44+00:00	Shipped	Amazon	Amazon.de		Expedited	INNONEXXT® Premium Turbo Diamanttrennscheibe | 180/22,23/2,2/10 | heißgepresste Turbodiamantsegmente longlife, gehärteten Stahl | Trocken.- und Nas	6S-7WJG-7U3J	B09BNHL7WG	Shipped	1	EUR	15.99	2.55							Coburg	Bayern	96450	DE		false			false	
302-4082297-9257168	302-4082297-9257168	2023-08-28T16:31:57+00:00	2023-08-29T13:25:37+00:00	Shipped	Amazon	Amazon.de		Expedited	INNONEXXT® Premium Verglasungsklötze | 1mm - 24x100 500Stk. | Made in Germany | Unterlegplatten, Abstandshalter, Distanzklötze aus Kunststoff, Abst	PM-LHJ4-WEIF	B08XW6QH4W	Shipped	1	EUR	28.98	4.63							Breitenbrunn		87739	DE		false			false	
306-5862740-7804342	306-5862740-7804342	2023-08-28T12:57:41+00:00	2023-08-29T13:25:24+00:00	Shipped	Amazon	Amazon.de		Expedited	INNONEXXT® Premium Nageleisen | 800 x 18 mm, Brecheisen aus Spezialstahl | Nageleisen, Nagelschlitze, Stemmeisen, Brechstange, Meisselschaber, Breche	2I-PB7C-OYPH_FBM	B09BZLK44P	Shipped	1	EUR	22.45								Buxtehude	Niedersachsen	21614	DE		true	M.Krüger	Business Price	false	
303-9882412-4421941	303-9882412-4421941	2023-08-29T09:25:31+00:00	2023-08-29T13:25:16+00:00	Shipped	Amazon	Amazon.de		Expedited	INNONEXXT® Premium Terrassendielen Abstandshalter | Terrassfix Dielenabstand 7 mm - 200 Stück | Lastübertragung bis 8 Tonnen | Terrassenabstandshal	JV-VJY6-PMSJ	B09445QYYT	Shipped	1	EUR	18.99	3.03							windeck	Nordrhein-Westfalen	51570	DE		false			false	
306-8940263-0925918	306-8940263-0925918	2023-08-29T06:00:34+00:00	2023-08-29T13:25:12+00:00	Shipped	Amazon	Amazon.de		Expedited	INNONEXXT® Premium Profilverbindungsschrauben | 3,9 x 11 mm | 500 Stück | Metallprofileschrauben, Profil Schrauben, Blechschrauben schwarz, Trockenb	2R-KNCM-T7QB	B08GFWYC7M	Shipped	1	EUR	15.49	2.47							Römerberg		67354	DE		false			false	
305-0734090-0554709	305-0734090-0554709	2023-08-28T19:52:02+00:00	2023-08-29T13:25:11+00:00	Shipped	Amazon	Amazon.de		Expedited	INNONEXXT® Premium steckbare Unterlegplatten | 40x80-1,5 mm - 200 Stück | Distanzplättchen, Unterlegplättchen aus Kunststoff, Ausgleichsplättchen	PR-QMQ2-QAYU	B09V1GRNVJ	Shipped	1	EUR	21.99	3.51	3.99	0.64					Wuerzburg	Bayern	97072	DE		false			false	
302-5671526-3764363	302-5671526-3764363	2023-08-26T10:18:12+00:00	2023-08-29T13:24:59+00:00	Shipped	Amazon	Amazon.de		Expedited	INNONEXXT® Professional Dreieckschleifer Schleifpapier |100 x 150 mm, Gold, 100